{
  "version": 1,
  "author": "rckxz",
  "editor": "wokwi",
  "parts": [
    { "type": "wokwi-breadboard-half", "id": "bb1", "top": -79.8, "left": -198.8, "attrs": {} },
    {
      "type": "board-esp32-devkit-c-v4",
      "id": "esp",
      "top": 295.94,
      "left": 13.3,
      "rotate": 90,
      "attrs": { "env": "micropython-20231227-v1.22.0" }
    },
    {
      "type": "board-ssd1306",
      "id": "oled1",
      "top": -54.46,
      "left": 163.43,
      "attrs": { "i2cAddress": "0x3c" }
    },
    {
      "type": "wokwi-pushbutton-6mm",
      "id": "btn1",
      "top": 10.1,
      "left": -159.7,
      "rotate": 90,
      "attrs": { "color": "green" }
    },
    {
      "type": "wokwi-pushbutton-6mm",
      "id": "btn2",
      "top": 10.1,
      "left": -121.3,
      "rotate": 90,
      "attrs": { "color": "blue" }
    },
    {
      "type": "wokwi-resistor",
      "id": "r1",
      "top": 3.95,
      "left": 48,
      "attrs": { "value": "1000" }
    },
    {
      "type": "wokwi-resistor",
      "id": "r2",
      "top": 3.95,
      "left": -57.6,
      "attrs": { "value": "1000" }
    },
    {
      "type": "wokwi-led",
      "id": "led1",
      "top": -42,
      "left": -15,
      "attrs": { "color": "red", "flip": "1" }
    },
    { "type": "wokwi-led", "id": "led2", "top": -42, "left": 23, "attrs": { "color": "blue" } }
  ],
  "connections": [
    [ "esp:TX", "$serialMonitor:RX", "", [] ],
    [ "esp:RX", "$serialMonitor:TX", "", [] ],
    [ "oled1:SDA", "esp:21", "green", [ "v-9.6", "h48.07", "v316.8", "h-230.4" ] ],
    [ "oled1:SCL", "esp:22", "red", [ "v-19.2", "h67.5", "v336", "h-211.2" ] ],
    [ "oled1:VCC", "esp:3V3", "violet", [ "v-19.2", "h-67.05", "v211.2" ] ],
    [ "oled1:GND", "esp:GND.2", "blue", [ "v-9.6", "h-48", "v220.8" ] ],
    [ "btn1:2.r", "bb1:bn.2", "black", [ "v0" ] ],
    [ "btn2:2.r", "bb1:bn.6", "red", [ "v0" ] ],
    [ "bb1:13t.d", "esp:27", "green", [ "v144", "h76.8" ] ],
    [ "bb1:30t.d", "esp:25", "green", [ "v0", "h19.2", "v153.6", "h-86.4" ] ],
    [ "btn2:1.l", "esp:17", "cyan", [ "v9.6", "h19.2", "v182.4", "h0", "v76.8", "h96" ] ],
    [ "btn1:1.l", "esp:15", "violet", [ "v9.6", "h28.8", "v249.6", "h76.8" ] ],
    [ "esp:GND.1", "bb1:bn.15", "black", [ "v0" ] ],
    [ "bb1:bn.25", "bb1:tn.25", "green", [ "v-1.3", "h30.4", "v-172.8" ] ],
    [ "bb1:20t.e", "bb1:tn.17", "green", [ "v9.6", "h9.6", "v-76.8" ] ],
    [ "btn1:1.l", "bb1:5t.e", "", [ "$bb" ] ],
    [ "btn1:2.l", "bb1:3t.e", "", [ "$bb" ] ],
    [ "btn1:1.r", "bb1:5b.f", "", [ "$bb" ] ],
    [ "btn1:2.r", "bb1:3b.f", "", [ "$bb" ] ],
    [ "r1:1", "bb1:24t.e", "", [ "$bb" ] ],
    [ "r1:2", "bb1:30t.e", "", [ "$bb" ] ],
    [ "r2:1", "bb1:13t.e", "", [ "$bb" ] ],
    [ "r2:2", "bb1:19t.e", "", [ "$bb" ] ],
    [ "led1:A", "bb1:19t.d", "", [ "$bb" ] ],
    [ "led1:C", "bb1:20t.d", "", [ "$bb" ] ],
    [ "btn2:1.l", "bb1:9t.e", "", [ "$bb" ] ],
    [ "btn2:2.l", "bb1:7t.e", "", [ "$bb" ] ],
    [ "btn2:1.r", "bb1:9b.f", "", [ "$bb" ] ],
    [ "btn2:2.r", "bb1:7b.f", "", [ "$bb" ] ],
    [ "led2:A", "bb1:24t.d", "", [ "$bb" ] ],
    [ "led2:C", "bb1:23t.d", "", [ "$bb" ] ],
    [ "bb1:23t.e", "bb1:tn.18", "green", [ "v9.6", "h-9.6" ] ]
  ],
  "dependencies": {}
}