{
  "version": 1,
  "author": "rckxz",
  "editor": "wokwi",
  "parts": [
    { "type": "wokwi-breadboard-half", "id": "bb1", "top": -3, "left": -189.2, "attrs": {} },
    {
      "type": "board-esp32-devkit-c-v4",
      "id": "esp",
      "top": 209.54,
      "left": -82.7,
      "rotate": 90,
      "attrs": { "env": "micropython-20231227-v1.22.0" }
    },
    {
      "type": "wokwi-pushbutton-6mm",
      "id": "btn1",
      "top": 86.9,
      "left": 89.9,
      "rotate": 90,
      "attrs": { "color": "black" }
    },
    {
      "type": "wokwi-pushbutton-6mm",
      "id": "btn2",
      "top": 86.9,
      "left": 61.1,
      "rotate": 90,
      "attrs": { "color": "grey" }
    },
    {
      "type": "wokwi-pushbutton-6mm",
      "id": "btn3",
      "top": 86.9,
      "left": 22.7,
      "rotate": 90,
      "attrs": { "color": "green" }
    },
    {
      "type": "wokwi-pushbutton-6mm",
      "id": "btn4",
      "top": 86.9,
      "left": -6.1,
      "rotate": 90,
      "attrs": { "color": "red" }
    },
    {
      "type": "wokwi-resistor",
      "id": "r1",
      "top": 147.95,
      "left": -67.2,
      "attrs": { "value": "65" }
    },
    {
      "type": "wokwi-resistor",
      "id": "r2",
      "top": 147.95,
      "left": -163.2,
      "attrs": { "value": "65" }
    },
    {
      "type": "wokwi-led",
      "id": "led1",
      "top": 102,
      "left": -92.2,
      "attrs": { "color": "limegreen" }
    },
    {
      "type": "wokwi-led",
      "id": "led2",
      "top": 102,
      "left": -120.6,
      "attrs": { "color": "red", "flip": "1" }
    },
    {
      "type": "board-ssd1306",
      "id": "oled1",
      "top": 70.34,
      "left": -316.57,
      "attrs": { "i2cAddress": "0x3c" }
    }
  ],
  "connections": [
    [ "esp:TX", "$serialMonitor:RX", "", [] ],
    [ "esp:RX", "$serialMonitor:TX", "", [] ],
    [ "bb1:tp.25", "bb1:bp.25", "red", [ "v0.3", "h30.4", "v172.8" ] ],
    [ "bb1:bn.25", "bb1:tn.25", "black", [ "v-1.3", "h40", "v-172.8" ] ],
    [ "bb1:18t.d", "bb1:tn.15", "red", [ "v0" ] ],
    [ "bb1:21t.d", "bb1:tn.17", "green", [ "v0" ] ],
    [ "bb1:25t.d", "bb1:tn.21", "gray", [ "v0" ] ],
    [ "bb1:28t.d", "bb1:tn.23", "black", [ "v0" ] ],
    [ "bb1:8b.j", "bb1:bn.6", "green", [ "h9.6", "v39.7" ] ],
    [ "bb1:10b.j", "bb1:bn.8", "green", [ "h-9.6", "v39.7" ] ],
    [ "bb1:1b.i", "esp:17", "blue", [ "h-9.6", "v230.4", "h124.8" ] ],
    [ "bb1:17b.i", "esp:18", "blue", [ "v57.6", "h-134.4", "v182.4", "h115.2" ] ],
    [ "esp:26", "bb1:23b.g", "green", [ "v-38.25", "h115.2" ] ],
    [ "esp:27", "bb1:20b.g", "red", [ "v-28.65", "h67.2" ] ],
    [ "esp:GND.1", "bb1:bn.9", "black", [ "v-57.45", "h9.6" ] ],
    [ "oled1:GND", "bb1:tn.1", "black", [ "v-9.6", "h96", "v19.2" ] ],
    [ "oled1:VCC", "bb1:tp.1", "red", [ "v-19.2", "h209.75" ] ],
    [ "bb1:30b.g", "esp:14", "black", [ "v124.8", "h-172.8" ] ],
    [ "bb1:27b.g", "esp:12", "gray", [ "v134.4", "h-153.6" ] ],
    [ "btn1:1.l", "bb1:30t.e", "", [ "$bb" ] ],
    [ "btn1:2.l", "bb1:28t.e", "", [ "$bb" ] ],
    [ "btn1:1.r", "bb1:30b.f", "", [ "$bb" ] ],
    [ "btn1:2.r", "bb1:28b.f", "", [ "$bb" ] ],
    [ "btn2:1.l", "bb1:27t.e", "", [ "$bb" ] ],
    [ "btn2:2.l", "bb1:25t.e", "", [ "$bb" ] ],
    [ "btn2:1.r", "bb1:27b.f", "", [ "$bb" ] ],
    [ "btn2:2.r", "bb1:25b.f", "", [ "$bb" ] ],
    [ "btn3:1.l", "bb1:23t.e", "", [ "$bb" ] ],
    [ "btn3:2.l", "bb1:21t.e", "", [ "$bb" ] ],
    [ "btn3:1.r", "bb1:23b.f", "", [ "$bb" ] ],
    [ "btn3:2.r", "bb1:21b.f", "", [ "$bb" ] ],
    [ "btn4:1.l", "bb1:20t.e", "", [ "$bb" ] ],
    [ "btn4:2.l", "bb1:18t.e", "", [ "$bb" ] ],
    [ "btn4:1.r", "bb1:20b.f", "", [ "$bb" ] ],
    [ "btn4:2.r", "bb1:18b.f", "", [ "$bb" ] ],
    [ "r2:1", "bb1:1b.j", "", [ "$bb" ] ],
    [ "r2:2", "bb1:7b.j", "", [ "$bb" ] ],
    [ "r1:1", "bb1:11b.j", "", [ "$bb" ] ],
    [ "r1:2", "bb1:17b.j", "", [ "$bb" ] ],
    [ "led2:A", "bb1:7b.i", "", [ "$bb" ] ],
    [ "led2:C", "bb1:8b.i", "", [ "$bb" ] ],
    [ "led1:A", "bb1:11b.i", "", [ "$bb" ] ],
    [ "led1:C", "bb1:10b.i", "", [ "$bb" ] ],
    [ "esp:22", "oled1:SDA", "green", [ "v76.8", "h-220.8", "v-412.8", "h-57.67" ] ],
    [ "esp:21", "oled1:SCL", "violet", [ "v48", "h-345.6", "v-374.4", "h86.1" ] ],
    [ "esp:3V3", "bb1:bp.21", "red", [ "v0" ] ]
  ],
  "dependencies": {}
}